<?xml version="1.0" encoding="UTF-8"?><?xml-stylesheet type='text/xsl' href='_UpgradeReport_Files/UpgradeReport.xslt'?><UpgradeLog>
<Properties><Property Name="Solution" Value="Html_2_RtB">
</Property><Property Name="Solution File" Value="C:\PRISMA_Migration\Maintenance\SOURCE\C60\C60_37_00\C60S\Photometric_RichText\Html_2_RtB.sln">
</Property><Property Name="Date" Value="05 November 2014">
</Property><Property Name="Time" Value="13:01">
</Property></Properties><Event ErrorLevel="1" Project="Html_2_Rtb" Source="Html_2_RtB\Html_2_Rtb.csproj" Description="Your project is targeting .NET Framework 2.0 or 3.0. If your project uses assemblies requiring a newer .NET Framework, your project will fail to build. You can change the .NET Framework version by clicking Properties on the project menu and then selecting a new version in the '.NET Framework' dropdown box. (In Visual Basic, this is located on the Compile tab by clicking the 'Advanced Compiler Options...' button.)">
</Event><Event ErrorLevel="0" Project="Html_2_Rtb" Source="Html_2_RtB\Html_2_Rtb.csproj" Description="Project converted successfully">
</Event><Event ErrorLevel="3" Project="Html_2_Rtb" Source="Html_2_RtB\Html_2_Rtb.csproj" Description="Converted">
</Event><Event ErrorLevel="0" Project="" Source="Html_2_RtB.sln" Description="Solution converted successfully">
</Event><Event ErrorLevel="3" Project="" Source="Html_2_RtB.sln" Description="Converted">
</Event><Event ErrorLevel="0" Project="Html_2_Rtb" Source="Html_2_RtB\Html_2_Rtb.csproj" Description="Scan complete: Upgrade not required for project files.">
</Event></UpgradeLog>