<?xml version="1.0" encoding="UTF-8"?><?xml-stylesheet type='text/xsl' href='_UpgradeReport_Files/UpgradeReport.xslt'?><UpgradeLog>
<Properties><Property Name="Solution" Value="Html_2_RtB">
</Property><Property Name="Solution File" Value="C:\PRISMA_Migration\Maintenance\SOURCE\C60\C60_37_00\C60S\AssetCaption_RichText\Html_2_RtB.sln">
</Property><Property Name="User Options File" Value="C:\PRISMA_Migration\Maintenance\SOURCE\C60\C60_37_00\C60S\AssetCaption_RichText\Html_2_RtB.suo">
</Property><Property Name="Date" Value="04 December 2014">
</Property><Property Name="Time" Value="16:39">
</Property></Properties><Event ErrorLevel="0" Project="" Source="Html_2_RtB.sln" Description="File successfully backed up as C:\PRISMA_Migration\Maintenance\SOURCE\C60\C60_37_00\C60S\AssetCaption_RichText\Backup\Html_2_RtB.sln">
</Event><Event ErrorLevel="0" Project="" Source="Html_2_RtB.suo" Description="File successfully backed up as C:\PRISMA_Migration\Maintenance\SOURCE\C60\C60_37_00\C60S\AssetCaption_RichText\Backup\Html_2_RtB.suo">
</Event><Event ErrorLevel="0" Project="Html_2_Rtb" Source="Html_2_RtB\Html_2_Rtb.csproj" Description="Project file successfully backed up as C:\PRISMA_Migration\Maintenance\SOURCE\C60\C60_37_00\C60S\AssetCaption_RichText\Backup\Html_2_RtB\Html_2_Rtb.csproj">
</Event><Event ErrorLevel="0" Project="Html_2_Rtb" Source="Html_2_RtB\AssetCaptionTextProcessing.cs" Description="File successfully backed up as C:\PRISMA_Migration\Maintenance\SOURCE\C60\C60_37_00\C60S\AssetCaption_RichText\Backup\Html_2_RtB\AssetCaptionTextProcessing.cs">
</Event><Event ErrorLevel="0" Project="Html_2_Rtb" Source="Html_2_RtB\BulletProcessing.cs" Description="File successfully backed up as C:\PRISMA_Migration\Maintenance\SOURCE\C60\C60_37_00\C60S\AssetCaption_RichText\Backup\Html_2_RtB\BulletProcessing.cs">
</Event><Event ErrorLevel="0" Project="Html_2_Rtb" Source="Html_2_RtB\AssetCaptionTextProcessing_ctn.cs" Description="File successfully backed up as C:\PRISMA_Migration\Maintenance\SOURCE\C60\C60_37_00\C60S\AssetCaption_RichText\Backup\Html_2_RtB\AssetCaptionTextProcessing_ctn.cs">
</Event><Event ErrorLevel="0" Project="Html_2_Rtb" Source="Html_2_RtB\PhotometricProductCTN.cs" Description="File successfully backed up as C:\PRISMA_Migration\Maintenance\SOURCE\C60\C60_37_00\C60S\AssetCaption_RichText\Backup\Html_2_RtB\PhotometricProductCTN.cs">
</Event><Event ErrorLevel="0" Project="Html_2_Rtb" Source="Html_2_RtB\DimensionDrawingEOC.cs" Description="File successfully backed up as C:\PRISMA_Migration\Maintenance\SOURCE\C60\C60_37_00\C60S\AssetCaption_RichText\Backup\Html_2_RtB\DimensionDrawingEOC.cs">
</Event><Event ErrorLevel="0" Project="Html_2_Rtb" Source="Html_2_RtB\DimensionDiagramsProcessing.cs" Description="File successfully backed up as C:\PRISMA_Migration\Maintenance\SOURCE\C60\C60_37_00\C60S\AssetCaption_RichText\Backup\Html_2_RtB\DimensionDiagramsProcessing.cs">
</Event><Event ErrorLevel="0" Project="Html_2_Rtb" Source="Html_2_RtB\HeaderBodyProcessing.cs" Description="File successfully backed up as C:\PRISMA_Migration\Maintenance\SOURCE\C60\C60_37_00\C60S\AssetCaption_RichText\Backup\Html_2_RtB\HeaderBodyProcessing.cs">
</Event><Event ErrorLevel="0" Project="Html_2_Rtb" Source="Html_2_RtB\KeyBenefitAreaProcessing.cs" Description="File successfully backed up as C:\PRISMA_Migration\Maintenance\SOURCE\C60\C60_37_00\C60S\AssetCaption_RichText\Backup\Html_2_RtB\KeyBenefitAreaProcessing.cs">
</Event><Event ErrorLevel="0" Project="Html_2_Rtb" Source="Html_2_RtB\LabelBulletSubBulletProcessing.cs" Description="File successfully backed up as C:\PRISMA_Migration\Maintenance\SOURCE\C60\C60_37_00\C60S\AssetCaption_RichText\Backup\Html_2_RtB\LabelBulletSubBulletProcessing.cs">
</Event><Event ErrorLevel="0" Project="Html_2_Rtb" Source="Html_2_RtB\PhotometricProductProcessing.cs" Description="File successfully backed up as C:\PRISMA_Migration\Maintenance\SOURCE\C60\C60_37_00\C60S\AssetCaption_RichText\Backup\Html_2_RtB\PhotometricProductProcessing.cs">
</Event><Event ErrorLevel="0" Project="Html_2_Rtb" Source="Html_2_RtB\Program.cs" Description="File successfully backed up as C:\PRISMA_Migration\Maintenance\SOURCE\C60\C60_37_00\C60S\AssetCaption_RichText\Backup\Html_2_RtB\Program.cs">
</Event><Event ErrorLevel="2" Project="Html_2_Rtb" Source="Html_2_RtB\Properties\AssemblyInfo.cs" Description="Failed to backup file as C:\PRISMA_Migration\Maintenance\SOURCE\C60\C60_37_00\C60S\AssetCaption_RichText\Backup\Html_2_RtB\Properties\AssemblyInfo.cs">
</Event><Event ErrorLevel="0" Project="Html_2_Rtb" Source="Html_2_RtB\Transformer.cs" Description="File successfully backed up as C:\PRISMA_Migration\Maintenance\SOURCE\C60\C60_37_00\C60S\AssetCaption_RichText\Backup\Html_2_RtB\Transformer.cs">
</Event><Event ErrorLevel="0" Project="Html_2_Rtb" Source="Html_2_RtB\WellFormedNessChecker.cs" Description="File successfully backed up as C:\PRISMA_Migration\Maintenance\SOURCE\C60\C60_37_00\C60S\AssetCaption_RichText\Backup\Html_2_RtB\WellFormedNessChecker.cs">
</Event><Event ErrorLevel="0" Project="Html_2_Rtb" Source="Html_2_RtB\App.config" Description="File successfully backed up as C:\PRISMA_Migration\Maintenance\SOURCE\C60\C60_37_00\C60S\AssetCaption_RichText\Backup\Html_2_RtB\App.config">
</Event><Event ErrorLevel="0" Project="Html_2_Rtb" Source="Html_2_RtB\Html_2_Rtb.snk" Description="File successfully backed up as C:\PRISMA_Migration\Maintenance\SOURCE\C60\C60_37_00\C60S\AssetCaption_RichText\Backup\Html_2_RtB\Html_2_Rtb.snk">
</Event><Event ErrorLevel="1" Project="Html_2_Rtb" Source="Html_2_RtB\Html_2_Rtb.csproj" Description="Your project is targeting .NET Framework 2.0 or 3.0. If your project uses assemblies requiring a newer .NET Framework, your project will fail to build. You can change the .NET Framework version by clicking Properties on the project menu and then selecting a new version in the '.NET Framework' dropdown box. (In Visual Basic, this is located on the Compile tab by clicking the 'Advanced Compiler Options...' button.)">
</Event><Event ErrorLevel="0" Project="Html_2_Rtb" Source="Html_2_RtB\Html_2_Rtb.csproj" Description="Project converted successfully">
</Event><Event ErrorLevel="3" Project="Html_2_Rtb" Source="Html_2_RtB\Html_2_Rtb.csproj" Description="Converted">
</Event><Event ErrorLevel="0" Project="" Source="Html_2_RtB.sln" Description="Solution converted successfully">
</Event><Event ErrorLevel="3" Project="" Source="Html_2_RtB.sln" Description="Converted">
</Event><Event ErrorLevel="0" Project="Html_2_Rtb" Source="Html_2_RtB\Html_2_Rtb.csproj" Description="Scan complete: Upgrade not required for project files.">
</Event></UpgradeLog>